video_id,days_since_upload,view_count,channel_follower_count,log_views,age_band,size_band,is_short,cell_size,cell_percentile,label,warnings
-ERhH_wltqU,79,5876497,2090000,15.5865,1,1,false,32,1.0000,viral,
-bgnv0CyEjw,4,56140188,1820000,17.8434,0,1,true,43,1.0000,viral,
05hLL9klsi0,9,1022946,23200,13.8382,1,0,true,28,0.3929,typical,
076rwe5EmsA,2109,55691719,4570000,17.8353,2,2,false,18,1.0000,viral,
0SOJ9G6hn5g,3,2737728,1180000,14.8226,0,1,true,43,0.8837,viral,
0rr1RfSNFPI,0,25189,32,10.1342,0,0,true,43,0.2791,typical,
0vXVANfo6T0,0,27262,31100,10.2133,0,0,true,43,0.3256,typical,
0vdzXfs6sbU,8,1572032,11300000,14.2679,1,2,true,20,0.3500,typical,
11eMhMmL3pI,2,1336132,1170000,14.1053,0,1,true,43,0.7442,typical,
14A9jRxDJhk,6,5290550,23200,15.4814,1,0,true,28,0.7500,typical,
1DYW8R5YIWE,13,664051,228000,13.4061,0,0,false,30,0.9333,viral,
1PtCHJ1L_r4,687,145449678,19700000,18.7953,2,2,true,43,0.8140,viral,
1RzDqaFKo-s,0,341967,1380000,12.7425,0,1,true,43,0.5349,typical,
1Sjma_bPG9U,4,880738,742000,13.6885,0,1,true,43,0.6744,typical,
1V9kHMdsp6k,0,684202,11100,13.4360,0,0,true,43,0.8605,viral,
1WDbkroEOq0,702,307458,216000,12.6361,2,0,false,24,0.1667,typical,
1WTO3Q8Id4Q,93,557593,2310,13.2314,2,0,false,24,0.3333,typical,
1XCNE-hxZtE,1509,7990183,67600,15.8937,2,0,false,24,0.9583,viral,
1vUf3jTBw2Q,8,108988,362000,11.5990,1,1,true,27,0.0741,typical,
22mZyakmixw,41,117642,92600,11.6754,1,0,false,12,0.2500,typical,
28Dh5jEqJlw,78,3016254,1180000,14.9195,1,1,false,32,0.9062,viral,
2PYIrJw6I6E,28,219430,1420000,12.2988,1,1,false,32,0.2188,typical,
2ZFgD9fbnb8,3768,15729973,9620000,16.5711,2,2,false,18,0.5556,typical,
2ZoUPtdlAcs,3,889621,6160000,13.6986,0,2,true,16,0.5625,typical,
2e2JJEZBI-A,7,2298975,10300000,14.6480,0,2,false,21,0.9524,viral,
2m2520TuUdk,1310,18650544,674000,16.7414,2,1,false,24,0.9583,viral,
2sR4AL9Zxek,642,9163379,1880000,16.0307,2,1,true,27,0.3333,typical,
2tbBHlrjOlk,2,1180786,17900000,13.9817,0,2,true,16,0.6875,typical,
2yxMlBC4cqs,0,808870,1820000,13.6034,0,1,true,43,0.6279,typical,
34Spt_Yx6sQ,8,41434520,7330000,17.5396,1,2,true,20,1.0000,viral,
3XAwPxpeyeE,10,190232,17400,12.1560,1,0,true,28,0.0714,typical,
3ZmrW9a3tjo,548,7158425,1330000,15.7838,2,1,false,24,0.7500,typical,
3bvkoxZ6xcw,104,1485886,813000,14.2115,2,1,false,24,0.2500,typical,
3fRxeJmwOjQ,20,4081455,10300000,15.2220,1,2,false,20,0.8500,viral,
3uJwYeVdBl8,13,209829,7310000,12.2541,1,2,true,20,0.0500,typical,
3v9cUNDZOKw,7,10880874,924000,16.2025,1,1,true,27,0.8889,viral,
4EUtCtOLkAc,84,634722,424000,13.3609,2,0,false,24,0.3750,typical,
4FbGDT84p8I,43,155564,3080000,11.9548,1,2,false,20,0.2000,typical,
4cL-TZbokMg,137,40092974,5280000,17.5067,2,2,false,18,0.8333,viral,
4nszQoxUiUU,27,1370646,1630000,14.1308,1,1,false,32,0.7500,typical,
4ovMZZXbevA,3,464586,150000,13.0489,0,0,true,43,0.7907,viral,
5E2yES7_3M0,13,1936762,10300000,14.4765,0,2,false,21,0.8571,viral,
5GkNmgZ9PgU,4,122790,247000,11.7182,0,1,true,43,0.3256,typical,
5R_QsClCX5s,396,102494870,6940000,18.4453,2,2,true,43,0.7907,viral,
5gvigxqHZW4,319,43339948,5280000,17.5846,2,2,false,18,0.8889,viral,
6IDpBauWg7U,4,15692,822000,9.6610,0,1,true,43,0.0465,typical,
6NnPdyIMOiU,3,280875,400000,12.5457,0,0,false,30,0.6667,typical,
6QmGwKsY7Go,8,20769,30600,9.9413,0,0,false,30,0.1000,typical,
6gj3G8fYxV0,609,35851259,2830000,17.3949,2,1,true,27,0.8889,viral,
6jREQncUmZw,19,5890219,65000,15.5888,1,0,true,28,0.7857,viral,
6sjeDdoL2Yg,0,24220,155,10.0950,0,0,true,43,0.2326,typical,
6tDDqrjg2VU,109,135751,119000,11.8186,2,0,false,24,0.0833,typical,
7UroHdmYSt8,0,2048301,742000,14.5325,0,1,true,43,0.8140,viral,
7jhsJeMgoJM,306,24534712,297000,17.0156,2,1,true,27,0.7407,typical,
8BO6rULMDY4,18,1427462,75900,14.1714,1,0,false,12,0.8333,viral,
8FMnbXPYcGg,10,34130,2390000,10.4380,0,1,false,17,0.1176,typical,
8UJAnii6a9Y,6,113856,59400,11.6427,0,0,false,30,0.5000,typical,
8XfAkPQloyo,7,303968,738000,12.6247,1,1,true,27,0.1852,typical,
8rHf7NfxFQs,10,12897,409000,9.4648,0,0,false,30,0.0333,typical,
96hSrjynmuI,10,365301,7810,12.8085,1,0,true,28,0.1429,typical,
99b8pG_Ji4s,2,1112641,1450000,13.9222,0,1,true,43,0.7209,typical,
9GNqwLDPOtI,4,388441,7300000,12.8699,0,2,true,16,0.3750,typical,
9cES2Fjwb0w,5,1329960,1170000,14.1007,1,1,true,27,0.5185,typical,
9x2nWbMYSWs,1,42962,151000,10.6681,0,0,true,43,0.4651,typical,
9xJz_v63IiU,3,1548349,2550000,14.2527,0,1,true,43,0.7907,viral,
A17CKgXfYRg,0,482342,11500,13.0864,0,0,true,43,0.8140,viral,
AJGB7twZEVA,15,1777093,10300000,14.3905,0,2,false,21,0.7143,typical,
ALQrP_D8SRI,8,7742187,1820000,15.8622,1,1,true,27,0.8148,viral,
AUNlVzKf7QQ,358,49076841,3160000,17.7089,2,2,true,43,0.5814,typical,
AWFFQR0z5Ao,9,4189163,11100,15.2480,1,0,true,28,0.7143,typical,
AWVDzYiYpuk,446,9356516,1310000,16.0516,2,1,true,27,0.4074,typical,
AWlKmj0DvaI,0,445453,103000,13.0068,0,0,true,43,0.7674,typical,
A_aAXDF9tws,9,56067,5490000,10.9343,0,2,false,21,0.0952,typical,
Aj1Ga9lhDTU,37,2304958,126000,14.6506,1,0,false,12,0.9167,viral,
B-VluADkAfc,24,578137,190000,13.2676,1,0,true,28,0.2500,typical,
B6NVvtIz9_Q,20,42080187,11100000,17.5551,1,2,false,20,1.0000,viral,
B81I5d8m6RI,42,236937,2390000,12.3756,1,1,false,32,0.2812,typical,
BP-oYOVQqq8,10,51836,2520,10.8559,0,0,false,30,0.3333,typical,
BPD4GB82Hmk,5,662347,10300000,13.4035,0,2,false,21,0.4286,typical,
BWvK-xLLjjk,10,3475616,1820000,15.0613,1,1,true,27,0.7037,typical,
CURZCf_EAWE,11,102040,156000,11.5331,0,0,false,30,0.4667,typical,
CYGsFOGmlps,8,1381910,2390000,14.1390,1,1,true,27,0.5556,typical,
CcnvtSFxWXo,3,191728,1170000,12.1638,0,1,true,43,0.4419,typical,
Cf1BnC9FzkE,82,183245,745000,12.1186,1,1,false,32,0.1875,typical,
ClJrxn-VPv4,11,1044209,394000,13.8588,0,0,false,30,1.0000,viral,
D-WZajmJpJg,6,153645,176000,11.9424,1,0,true,28,0.0357,typical,
D2kkFcJ5BvM,1,3230975,1180000,14.9883,0,1,true,43,0.9070,viral,
D3i7akwEzUI,84,3295993,1840000,15.0082,2,1,false,24,0.5833,typical,
DC7BdydvXkY,1106,89505915,104000,18.3098,2,0,true,18,0.8889,viral,
DCrugl16s_8,193,5946086,2090000,15.5982,2,1,false,24,0.6667,typical,
DIaPK3FrMJE,12,2923320,9720,14.8882,1,0,true,28,0.6071,typical,
DQePNw_WZQ4,16,1168138,1770000,13.9709,0,1,false,17,0.9412,viral,
DiuTVIds8bA,887,238813109,18000000,19.2912,2,2,true,43,0.9535,viral,
DppWFZOz99g,7,397129,62000,12.8920,1,0,true,28,0.1786,typical,
DvU7uTaSn9k,940,4763547,573000,15.3765,2,1,true,27,0.2222,typical,
E-k3Yc6h8UA,7,537094,2090000,13.1939,0,1,false,17,0.8235,viral,
E4OiI5Mt2dY,1217,1691214,2720,14.3410,2,0,true,18,0.4444,typical,
EFu-fGCFs4A,9,78381,39600,11.2693,0,0,false,30,0.4333,typical,
EO3iWTlykOw,430,11692334,1070000,16.2744,2,1,true,27,0.4815,typical,
ERyEkNQh7BE,127,659,35000,6.4922,2,0,true,18,0.3333,typical,
EgC6U8s2esY,358,14187514,8250000,16.4679,2,2,true,43,0.1628,typical,
Eh40Yn_U2jg,102,479364,2,13.0802,2,0,false,24,0.2500,typical,
Eoxu6DDgKts,0,919910,1170000,13.7320,0,1,true,43,0.6977,typical,
ExeSwtygmgQ,476,107866399,129000,18.4964,2,0,true,18,0.9444,viral,
F0I59rXxTk0,0,2395203,62500,14.6890,0,0,true,43,0.9767,viral,
F4_vPL_99Os,185,5496724,2280000,15.5197,2,1,false,24,0.6250,typical,
F64jPIN7Uz4,0,12389,19800,9.4246,0,0,true,43,0.1395,typical,
F80Wgn3knJM,1,516026,2550000,13.1539,0,1,true,43,0.5814,typical,
F8mX7rh3Kq0,552,2161815,369000,14.5865,2,0,false,24,0.7917,viral,
FG-r9qld4gU,3,547248,6350,13.2127,0,0,false,30,0.8667,viral,
FSbE9EAHiGU,433,10979306,1510000,16.2115,2,1,false,24,0.8333,viral,
Fvw5LXsmxWU,0,118028,185000,11.6787,0,0,false,30,0.5667,typical,
G2V_rrO2Gs4,27,2890592,1940000,14.8770,1,1,false,32,0.8750,viral,
GDXqg9v09ew,329,8510524,2090000,15.9568,2,1,false,24,0.7917,viral,
GHgVbyzdNj4,0,197441,32900,12.1932,0,0,true,43,0.6512,typical,
Gdx4KxaXSbM,7,19450938,44600,16.7834,1,0,true,28,0.9286,viral,
GeDBFA3mYX0,0,301655,11100,12.6170,0,0,true,43,0.6977,typical,
Gq3DZ3DBsu4,520,1171530,674000,13.9738,2,1,false,24,0.1667,typical,
GqqwbcgOHek,500,23583681,2120000,16.9761,2,1,false,24,1.0000,viral,
H0W4oihNYxo,85,4765209,2910000,15.3769,2,2,false,18,0.2778,typical,
H35bMrQLI5o,624,550316,800,13.2182,2,0,false,24,0.2917,typical,
HJnBBVKv_KY,8,1405867,17900000,14.1562,1,2,true,20,0.3000,typical,
HL8TFFXltWE,7,1054154,10300000,13.8683,0,2,false,21,0.5238,typical,
HVlIzeFDe54,9,4173110,3030000,15.2442,1,2,true,20,0.6000,typical,
HYJ2KqLuu34,525,7693840,1810000,15.8559,2,1,true,27,0.2963,typical,
I3Gq5oan_9E,28,89981,3080000,11.4074,1,2,false,20,0.1500,typical,
I4qDOF3RbCw,203,1715494,1510000,14.3552,2,1,false,24,0.3333,typical,
I9FAXVgkoEk,2,1518098,11500,14.2330,0,0,true,43,0.9302,viral,
IFXeE0hCmx8,0,159185,1170000,11.9778,0,1,true,43,0.4186,typical,
IIgz0eScr-A,0,5697,59200,8.6479,0,0,true,43,0.0930,typical,
IOTqmCsK8_g,0,392905,17900000,12.8813,0,2,true,16,0.4375,typical,
IQiHnED6FW4,22,3410132,62200,15.0423,1,0,true,28,0.6429,typical,
IXDA3HHcq5E,132,1353692,284000,14.1183,2,0,false,24,0.5417,typical,
I_mAPPRkDOM,11,1778730,10300000,14.3914,0,2,false,21,0.7619,typical,
IaRjqW9a3_c,9,4873383,1770000,15.3993,1,1,true,27,0.7407,typical,
Ihzx8LLO8Vg,4,182612,36600,12.1151,0,0,true,43,0.6279,typical,
Itr5UIweG0g,54,324565,4800000,12.6902,2,2,true,43,0.0233,typical,
J3_5ZIM-CV0,70,1324936,482000,14.0969,1,1,false,32,0.6562,typical,
J5ol8R09DPg,8,22987523,238000,16.9505,1,0,true,28,0.9643,viral,
Jm1PFXufYeA,560,4490577,507000,15.3175,2,1,true,27,0.1852,typical,
JozIn7uXKt4,0,48737,769000,10.7942,0,1,true,43,0.1395,typical,
K9wXNb71G1A,3,33100,2390000,10.4073,0,1,false,17,0.0588,typical,
KTFfNgk6irI,9,4811734,6920000,15.3866,1,2,true,20,0.6500,typical,
KVjfYDLSLrA,510,18796720,2830000,16.7492,2,1,true,27,0.6667,typical,
Kq8jIyl9vPU,2,1040607,70600,13.8553,0,0,true,43,0.9070,viral,
L3n6Sz4Dxt8,7,412054,2830000,12.9289,0,2,false,21,0.1905,typical,
L6SAws7QXbI,12,375477,464000,12.8360,0,1,false,17,0.6471,typical,
LDhLbFzC33s,38,130738,2070,11.7810,1,0,false,12,0.3333,typical,
LZcMizvBWX4,0,11416,40000,9.3429,0,0,true,43,0.1163,typical,
LixmCHpjUe0,3,506668,820000,13.1356,0,1,false,17,0.7647,typical,
LkAAiRrMMf8,26,797585,2090000,13.5893,1,1,false,32,0.5625,typical,
LrFYe9EicMI,460,14426111,8250000,16.4846,2,2,true,43,0.1860,typical,
MIZGrsT5f1M,702,238859401,5950000,19.2914,2,2,true,43,0.9767,viral,
MOo9uImLxHc,4,443469,424000,13.0024,0,0,false,30,0.8000,viral,
MVlpo6R02HE,5,2210816,9180000,14.6089,1,2,true,20,0.5000,typical,
MW81cIJVgLE,323,1392613,792000,14.1467,2,1,false,24,0.2083,typical,
MiXe7ABi6co,24,1534075,1220000,14.2434,1,1,false,32,0.8125,viral,
Mo0FzofvU0Y,8,339280,2910000,12.7346,0,2,false,21,0.1429,typical,
MqUx69rm7YI,661,45541313,22000000,17.6341,2,2,true,43,0.5581,typical,
MwQj5MzjJ4E,757,9536956,1810000,16.0707,2,1,true,27,0.4444,typical,
Myhpkxh_hAY,305,30383005,2910000,17.2294,2,2,false,18,0.7222,typical,
N5nUBDCM3dk,0,309029,2830000,12.6412,0,1,true,43,0.5116,typical,
N81oVij7ecI,12,8777898,3270000,15.9877,1,2,true,20,0.8000,viral,
NE9QydnPTWw,383,5337368,40200,15.4902,2,0,true,18,0.5556,typical,
NEiZaXKJT9U,3,75290,167000,11.2291,0,0,false,30,0.4000,typical,
NOOHg7vegv4,0,28434,751,10.2554,0,0,true,43,0.3721,typical,
NPI5-d55lYM,3,416531,10300000,12.9397,0,2,false,21,0.2381,typical,
NXqr156-9fg,3,275183,772000,12.5252,0,1,true,43,0.4884,typical,
NwhRnzF8hjk,95,130687,822000,11.7806,2,1,false,24,0.0417,typical,
O0PRgYHI0XQ,107,14617593,2500000,16.4977,2,2,false,18,0.5000,typical,
OJdarSpQ0_I,2,873860,3260000,13.6807,0,2,true,16,0.5000,typical,
OK_1aHz6K2c,188,1603569,261000,14.2877,2,0,false,24,0.6250,typical,
OQatG1KQ5bs,2,1134994,15800000,13.9421,0,2,true,16,0.6250,typical,
OSQ1Fjr1Sv0,4,3617694,62700,15.1013,0,0,true,43,1.0000,viral,
OU1nnx2my1M,724,10388645,3000000,16.1562,2,2,true,43,0.0930,typical,
OdIROFD0alU,5,2116585,7300000,14.5653,1,2,true,20,0.4500,typical,
OvdN2byqnw8,7,13227806,1600000,16.3978,1,1,true,27,0.9259,viral,
Oy2QyPQ5L5M,563,19086274,4670000,16.7645,2,2,false,18,0.6111,typical,
P9b0mW5OPi8,10,1250880,1450000,14.0394,1,1,true,27,0.4815,typical,
P9kEttHIgSw,53,591442,2910000,13.2903,1,2,false,20,0.4000,typical,
PDl_fNs9m6s,8,4946698,15800000,15.4142,1,2,true,20,0.7000,typical,
PEYKbzCah8w,5,686952,1540000,13.4400,0,1,false,17,0.8824,viral,
PUEgD3xqIew,78,4120235,2090000,15.2314,1,1,false,32,0.9375,viral,
PiwwgzvAPd0,838,3409373,1180000,15.0420,2,1,true,27,0.1111,typical,
PlSmUXQ9eKg,4,464925,251000,13.0496,0,1,true,43,0.5581,typical,
Py1sIdLEumM,3,114524,6380,11.6485,0,0,true,43,0.5814,typical,
Pz_4Icuwo8U,0,263793,8240000,12.4829,0,2,true,16,0.3125,typical,
Q8XsNcI8aGw,19,108797,745000,11.5972,1,1,false,32,0.1250,typical,
QFq14fy25eg,12,165844,310000,12.0188,0,0,false,30,0.6333,typical,
QQtrbi4h7wk,9,44998,189000,10.7144,0,0,false,30,0.2667,typical,
Qs2h_CpnlnU,27,1722673,1450000,14.3594,1,1,true,27,0.5926,typical,
Qz6Y4lo3cJQ,411,22496483,7330000,16.9289,2,2,true,43,0.3256,typical,
R8ZI1yFYf3k,401,6884342,829000,15.7448,2,1,true,27,0.2593,typical,
R9Oh3X-r6o8,45,233474,2390000,12.3608,1,1,false,32,0.2500,typical,
REGFc0CgcgA,64,344613,2090000,12.7502,1,1,false,32,0.3438,typical,
RFyJWFC-XlE,3,181300,23700000,12.1079,0,2,true,16,0.1250,typical,
RNw8FIf2tjI,14,7273004,117000,15.7997,1,0,true,28,0.8214,viral,
RO7CovzOCok,0,73331,131000,11.2028,0,0,true,43,0.4884,typical,
RPE2gWua5WY,133,2545914,2090000,14.7500,2,1,false,24,0.4583,typical,
RUrA1tgz8go,25,1236590,1170000,14.0279,1,1,true,27,0.4444,typical,
RVXMni9Zb9I,7,9319357,13400000,16.0476,1,2,true,20,0.8500,viral,
RdQy9BYpJ4g,1,135526,97500,11.8169,0,0,true,43,0.6047,typical,
RmBJEM05WOw,9,344458,407000,12.7497,0,0,false,30,0.7333,typical,
RodLLFJGqzU,4,7500436,3260000,15.8305,0,2,true,16,0.9375,viral,
S1opb9LNstk,7,504400,856,13.1311,1,0,true,28,0.2143,typical,
SC3zACofHiY,0,27670,1290,10.2281,0,0,true,43,0.3488,typical,
SC57G0okAtQ,121,4251454,175000,15.2628,2,0,false,24,0.9167,viral,
SUpBMf1vHxU,8,197726,494000,12.1946,1,1,true,27,0.1111,typical,
SiCeLFdIMpI,6,532895,2420000,13.1861,0,2,false,21,0.3810,typical,
Sr4Xg7TXhXM,10,672205,22800,13.4183,1,0,true,28,0.2857,typical,
SuyHA8n-gkk,62,1353973,2090000,14.1186,1,1,false,32,0.7188,typical,
T6Dcc1GhGWI,0,130621,1050000,11.7801,0,1,true,43,0.3488,typical,
T6iS3P6_rbo,127,3033404,327000,14.9252,2,0,false,24,0.8333,viral,
T8LY25dJWYs,644,16878475,2830000,16.6415,2,1,true,27,0.5556,typical,
TptjpYYCvT8,0,196434,7300000,12.1881,0,2,true,16,0.2500,typical,
U-H_oCes6FQ,26,567706,126000,13.2494,1,0,false,12,0.5833,typical,
UFVo_z-b_g4,0,21066,88600,9.9555,0,0,true,43,0.2093,typical,
UZjhEB9G1Tg,4,1858788,10300000,14.4354,0,2,false,21,0.8095,viral,
UkgoHAHCMo4,11,21199,2360,9.9618,0,0,false,30,0.1333,typical,
UvRYow1lvX0,0,10318,1940000,9.2417,0,1,true,43,0.0233,typical,
V5KT6rVRumE,1,599524,925000,13.3039,0,1,true,43,0.6047,typical,
VEnDqbuXPqg,0,3058,369,8.0258,0,0,true,43,0.0465,typical,
VF1XOdqjB3o,521,4454303,1450000,15.3094,2,1,true,27,0.1481,typical,
VHUQTYWTIJo,10,1776176,10300000,14.3900,0,2,false,21,0.6667,typical,
VNat_TQAvew,17,19283692,3130000,16.7748,1,2,true,20,0.9500,viral,
VQ_Kh1GTVeU,26,432067,2390000,12.9763,1,1,false,32,0.4062,typical,
VaS1lOYZaBs,4,1060507,3180000,13.8743,0,2,false,21,0.5714,typical,
VbOALuHrK_M,162,2638630,3080000,14.7858,2,2,false,18,0.1667,typical,
Vf2biFRxGF4,0,16611,323000,9.7179,0,1,true,43,0.0698,typical,
VvfGtyVo2_U,733,157712162,4430000,18.8763,2,2,true,43,0.8605,viral,
W757azZ3VAQ,2033,43562034,4570000,17.5897,2,2,false,18,0.9444,viral,
WH2TZGkQmxI,91,1770743,1220000,14.3869,2,1,false,24,0.3750,typical,
WXHd2BW6Wek,228,129,48600,4.8675,2,0,true,18,0.2778,typical,
Whwrc8kPNgo,0,118395,1770000,11.6818,0,1,true,43,0.3023,typical,
WlkklNN4nRw,9,896724,2830000,13.7065,1,1,true,27,0.3333,typical,
WnO2-ZiXpwo,458,65261627,8250000,17.9939,2,2,true,43,0.6977,typical,
WnqITyy3_6o,8,1839464,1410000,14.4250,0,1,false,17,1.0000,viral,
WpVU2qexLpA,4,6065720,770000,15.6182,0,1,true,43,0.9535,viral,
WtQ1VMksrco,5,2152323,2830000,14.5821,1,1,true,27,0.6667,typical,
X159heOETjk,3,357213,164000,12.7861,0,0,true,43,0.7442,typical,
XHzSkeMX7vg,0,18956,97500,9.8499,0,0,true,43,0.1628,typical,
XS9HrHh-0ss,20,11298953,13400000,16.2402,1,2,true,20,0.9000,viral,
XWKdTY9oe00,48,1053491,4670000,13.8676,1,2,false,20,0.5000,typical,
XXlg7dmaRaM,426,110320364,437000,18.5189,2,1,true,27,1.0000,viral,
XandCEsFWoc,628,30027028,2830000,17.2176,2,1,true,27,0.8148,viral,
XbiObxjyAkE,235,6493483,1490000,15.6863,2,1,false,24,0.7083,typical,
XiSewRUOVyg,62,4133958,1510000,15.2347,1,1,false,32,0.9688,viral,
XjK4L7P4p5M,577,3079930,1930000,14.9404,2,1,true,27,0.0741,typical,
Xn20COng9F8,19,353633,2090000,12.7760,1,1,false,32,0.3750,typical,
Xx7EU2HndmQ,11,760533,116000,13.5418,1,0,true,28,0.3214,typical,
Y4CieN73zYg,0,63813,362000,11.0637,0,1,true,43,0.1860,typical,
YAf7E4A3GhY,0,206008,232000,12.2357,0,0,true,43,0.6744,typical,
YFDtS08LwU8,6,1850557,11600,14.4310,1,0,true,28,0.5000,typical,
YN782GM7KSs,3,1480387,3290000,14.2078,0,2,true,16,0.8125,viral,
YgZoBfFGzuk,3,315308,71900,12.6613,0,0,true,43,0.7209,typical,
YnulGHEDBfc,0,27706,2210000,10.2294,0,1,true,43,0.0930,typical,
Z18fKCpZCKc,8,3452630,74900,15.0546,1,0,true,28,0.6786,typical,
Z2SKpKcvZsg,0,107548,366000,11.5857,0,1,true,43,0.2791,typical,
Z8I9eJ62itc,3,28501,3080000,10.2577,0,2,false,21,0.0476,typical,
Z9l4Ic5vuwA,419,93100398,702000,18.3492,2,1,true,27,0.9630,viral,
ZELkEQ4ejdg,37,1431595,2600000,14.1743,1,2,false,20,0.6000,typical,
ZF_tDPRNV5U,26,6249893,14000000,15.6481,1,2,false,20,0.9500,viral,
ZStD-d5YPmA,426,60059990,5690000,17.9109,2,2,true,43,0.6512,typical,
ZU4acatS8sU,11,1203090,81600,14.0004,1,0,true,28,0.4286,typical,
ZfJcaPkqHa4,8,169033,784000,12.0379,0,1,false,17,0.5294,typical,
Zr6ojFVDOao,61,465205,2390000,13.0502,1,1,false,32,0.4375,typical,
ZsFiwxJa1Qs,411,1833716,1520000,14.4219,2,1,true,27,0.0370,typical,
Zu53F1zX3a0,0,4662,20200,8.4474,0,0,true,43,0.0698,typical,
_5BJ6XACjgk,24,25648664,208000,17.0600,1,0,true,28,1.0000,viral,
_Dg_3olJzgU,35,646697,2090000,13.3796,1,1,false,32,0.5000,typical,
_Xz26gHh2V4,100,15,553,2.7726,2,0,true,18,0.0556,typical,
_elzbU-AIdY,14,752938,10300000,13.5317,0,2,false,21,0.4762,typical,
_hjSfVsUq0A,425,62732754,8250000,17.9544,2,2,true,43,0.6744,typical,
_pFPd2Gdzz8,309,16675252,45200,16.6294,2,0,true,18,0.6111,typical,
a3YlpD6yA2A,10,385516,7300000,12.8623,1,2,true,20,0.1500,typical,
aEACJV9n3QI,975,5066186,3080000,15.4381,2,2,false,18,0.3889,typical,
aOrH8uwDlaA,785,72401326,22000000,18.0977,2,2,true,43,0.7442,typical,
aSC9MozK-So,394,37086845,7330000,17.4288,2,2,true,43,0.4186,typical,
aYJJ5L0RKUQ,15,491225,1590000,13.1047,1,1,true,27,0.2593,typical,
aa8n7MZM-tE,36,1134395,13800,13.9416,1,0,false,12,0.7500,typical,
ajIAd_hSQe8,16,442787,464000,13.0008,0,1,false,17,0.7059,typical,
bWIaa0I2a_0,435,19776821,2950000,16.8000,2,2,true,43,0.2326,typical,
bWS7rB8NeoY,32,4156800,10300000,15.2403,1,2,false,20,0.9000,viral,
bXEJzKpAlCs,3,530514,219000,13.1816,0,0,false,30,0.8333,viral,
biaODEUq2xc,414,21557374,9770000,16.8862,2,2,true,43,0.2791,typical,
bkTfj66Frro,18,1922231,10300000,14.4690,1,2,false,20,0.7000,typical,
bn62x3svoqI,87,31972879,55500,17.2804,2,0,true,18,0.7778,typical,
brUy4L0or9s,0,31434,35300,10.3557,0,0,true,43,0.4186,typical,
bt_I3nJmQ3I,27,414865,57000,12.9357,1,0,false,12,0.4167,typical,
bwBpTN_xO4E,7,364548,4430000,12.8064,1,2,true,20,0.1000,typical,
c1X4G4ZCvZA,10,16084096,738000,16.5933,1,1,true,27,0.9630,viral,
caZs9faGMH0,519,4907418,4670000,15.4063,2,2,false,18,0.3333,typical,
cj4SXjeWQ58,10,606480,7300000,13.3154,1,2,true,20,0.2000,typical,
dIRq98NU6RE,526,13601726,4750000,16.4257,2,2,true,43,0.1163,typical,
dgIORIQG7sA,98,2607637,2090000,14.7740,2,1,false,24,0.5000,typical,
dihYlHt6raE,7,1730567,738000,14.3640,1,1,true,27,0.6296,typical,
dxncLq0f7bQ,4,2195523,63600,14.6019,0,0,true,43,0.9535,viral,
e7H0bTYogdI,4,212257,2830000,12.2656,0,1,true,43,0.4651,typical,
ePWUr-rj71U,6,44181,143000,10.6961,0,0,false,30,0.2333,typical,
eVMhRS9LhcM,111,356109,745000,12.7830,2,1,false,24,0.0833,typical,
eo_LU21YV_I,436,41979478,2830000,17.5527,2,1,true,27,0.9259,viral,
eqry88YcRPY,42,1827121,10300000,14.4183,1,2,false,20,0.6500,typical,
fPGu2jD1-bo,232,694276,70800,13.4506,2,0,false,24,0.4167,typical,
fZpFbZ5mOuA,329,1300833,8500000,14.0785,2,2,false,18,0.0556,typical,
fn3DYg4w-0o,302,19967651,13100000,16.8096,2,2,true,43,0.2558,typical,
fq08FS2lf18,42,299559,674000,12.6101,1,1,false,32,0.3125,typical,
g10DzV7hXPk,240,88,48600,4.4886,2,0,true,18,0.1667,typical,
gHc3pMV5-Kg,23,1526332,1700000,14.2384,1,1,false,32,0.7812,viral,
gcGgSXgF44E,119,2647184,2090000,14.7890,2,1,false,24,0.5417,typical,
gcURMXE1h9Y,31,86831,176000,11.3717,1,0,false,12,0.0833,typical,
ghaxttecJmM,26,941538,1290000,13.7553,1,1,true,27,0.3704,typical,
gpLET-NBHng,311,183460733,13400000,19.0275,2,2,true,43,0.8837,viral,
grJJjg82aG8,0,20807,3420,9.9431,0,0,true,43,0.1860,typical,
gsyM3K7fNOg,358,22263786,7330000,16.9185,2,2,true,43,0.3023,typical,
gtiK_AJ3phs,20,1462197,3310,14.1955,1,0,true,28,0.4643,typical,
gzVtq3WIL9o,11,1858723,17900000,14.4354,1,2,true,20,0.4000,typical,
gzhUIKkRtEM,365,146228023,65900,18.8007,2,0,true,18,1.0000,viral,
hHa9MdmtRP8,9,262904,23700,12.4795,1,0,true,28,0.1071,typical,
hPBbDWYx_xU,4,26971,207000,10.2026,0,0,false,30,0.2000,typical,
hQIA7TGSAes,63,259075,3080000,12.4649,1,2,false,20,0.3000,typical,
hUrcOS4LjLE,4,115325,54100,11.6555,0,0,false,30,0.5333,typical,
hWzbYOHQgcA,15,5608459,1170000,15.5398,1,1,true,27,0.7778,typical,
hZ9Hu7DM-v8,13,53212,343000,10.8821,0,0,false,30,0.3667,typical,
haTK9SfHmjc,0,25384,146000,10.1419,0,0,true,43,0.3023,typical,
hehvvDzuA-4,521,24364612,7330000,17.0086,2,2,true,43,0.3488,typical,
hqtkWqFITtM,72,255342,3080000,12.4504,1,2,false,20,0.2500,typical,
hsypMyEUSco,25,2108361,104000,14.5614,1,0,true,28,0.5714,typical,
hyiF_M7jtnQ,316,25070831,2830000,17.0372,2,1,true,27,0.7778,typical,
hzDZsuKG6R8,116,1380023,99100,14.1376,2,0,false,24,0.5833,typical,
i130GMI_7Zg,17,103281,936000,11.5452,1,1,false,32,0.0938,typical,
iL8GlJ9nrvE,709,35429304,7350000,17.3830,2,2,true,43,0.3953,typical,
iLivnrQ2sEo,316,816983,237000,13.6134,2,0,false,24,0.4583,typical,
iQJrukKwsuE,63,970927,4670000,13.7860,1,2,false,20,0.4500,typical,
ibVwBUNjgOE,605,3760170,3080000,15.1400,2,2,false,18,0.2222,typical,
j1AxfwQr-GA,116,164156,800,12.0086,2,0,false,24,0.1250,typical,
j2LtAYtBRQU,17,79248,2390000,11.2804,1,1,false,32,0.0312,typical,
j42tnd_AJz4,28,1235723,2090000,14.0272,1,1,false,32,0.5938,typical,
janj66qRALg,68,1976250,2090000,14.4967,1,1,false,32,0.8438,viral,
jiVmZzYXx3o,57,2410224,10900,14.6952,1,0,false,12,1.0000,viral,
jozYdBhmlEU,141,1317437,2910000,14.0912,2,2,false,18,0.1111,typical,
k5nDbxd0XW4,2,8621224,7330000,15.9697,0,2,true,16,1.0000,viral,
l-ESjnz6cdY,0,93791,236000,11.4488,0,0,true,43,0.5116,typical,
l5amjQNsKgw,941,287083926,9300000,19.4753,2,2,true,43,1.0000,viral,
lM4WTWIBcvo,7,672676,769000,13.4190,1,1,true,27,0.2963,typical,
lrSo77HBIik,16,1002222,175000,13.8177,0,0,false,30,0.9667,viral,
m4IMYQF1TnE,1,4063463,1180000,15.2175,0,1,true,43,0.9302,viral,
m52AUk2kOJ4,399,93759291,13400000,18.3562,2,2,true,43,0.7674,typical,
mMYdidMxa5U,4,1440677,4390000,14.1806,0,2,true,16,0.7500,typical,
mT8DLv3FOdE,10,46700,2340,10.7515,0,0,false,30,0.3000,typical,
mVIKeJYo2Ug,50,1341771,2910000,14.1095,1,2,false,20,0.5500,typical,
maiSGnTjzpk,538,17727288,1450000,16.6906,2,1,true,27,0.5926,typical,
mc82_Gc8Ujk,375,35387579,20500,17.3819,2,0,true,18,0.8333,viral,
mhGNOYFmh6Q,2,2069531,1170000,14.5428,0,1,true,43,0.8372,viral,
mlG8s8QrME4,520,69388482,7350000,18.0552,2,2,true,43,0.7209,typical,
mq1DF_lJ-4s,10,2176140,2910000,14.5931,0,2,false,21,0.9048,viral,
mtpFtHR7XSk,7,10730944,849000,16.1886,1,1,true,27,0.8519,viral,
mulRP5goa5k,399,39478839,7330000,17.4913,2,2,true,43,0.4884,typical,
nC01upqoEWc,540,21307360,1050000,16.8746,2,1,true,27,0.7037,typical,
nGcB1B82TzE,464,11010080,1330000,16.2143,2,1,false,24,0.8750,viral,
nJPankIBoU0,17,527333,547000,13.1756,1,1,false,32,0.4688,typical,
nQu5XOgC8Zo,0,51187,963000,10.8433,0,1,true,43,0.1628,typical,
nRomHYmKEg0,9,53298,404000,10.8837,1,1,true,27,0.0370,typical,
n_rY7PUF610,9,18317,143000,9.8156,0,0,false,30,0.0667,typical,
nrD6PZo6uQo,381,17831869,4750000,16.6965,2,2,true,43,0.2093,typical,
nrgfRKiCGB8,652,1862027,3000000,14.4372,2,2,true,43,0.0465,typical,
o1pk001Zi6k,3,34581,973000,10.4511,0,1,false,17,0.1765,typical,
oCTOPs_l1IU,8,976330,2830000,13.7916,1,1,true,27,0.4074,typical,
oNZptAfNnW4,42,1348092,2090000,14.1142,1,1,false,32,0.6875,typical,
oNhRlJcncSM,5,450627,540000,13.0184,1,1,true,27,0.2222,typical,
o_ZwOe_jS94,0,96638,4120000,11.4787,0,2,true,16,0.0625,typical,
oawMfCMLkHU,355,1842107,109000,14.4264,2,0,false,24,0.7083,typical,
oghkg2Gywdw,0,33981,83800,10.4336,0,0,true,43,0.4419,typical,
ooBkvv7-bwE,6,73794,853000,11.2090,0,1,false,17,0.3529,typical,
oqnWBUAY6ak,22,801885,207000,13.5947,1,0,true,28,0.3571,typical,
ox33jnEDVCI,4,2273875,581000,14.6370,0,1,true,43,0.8605,viral,
p2O-QuK8nI8,5,136933,59100,11.8273,0,0,false,30,0.6000,typical,
pBmCU4JayZA,7,531048,3750000,13.1826,0,2,false,21,0.3333,typical,
pBvgAMuQR7c,372,49441365,8250000,17.7163,2,2,true,43,0.6047,typical,
pIcnCgkns9s,8,2449327,7680000,14.7113,0,2,false,21,1.0000,viral,
pRf596gUjoA,621,201035845,22000000,19.1190,2,2,true,43,0.9302,viral,
pYtOX-o688c,4,44576,258000,10.7050,0,1,true,43,0.1163,typical,
pfbiVDT2yRg,114,3334051,10900,15.0197,2,0,false,24,0.8750,viral,
pvwaKrzsZPg,0,67117,306000,11.1142,0,1,true,43,0.2093,typical,
q-QvT1_JG0o,4,6342638,1820000,15.6628,0,1,true,43,0.9767,viral,
q2dKjioWFa4,504,13897409,2950000,16.4472,2,2,true,43,0.1395,typical,
q3hEZ-KZ7TE,43,1952402,2910000,14.4846,1,2,false,20,0.7500,typical,
q5O_oq9FicU,14,87246,853000,11.3765,0,1,false,17,0.4118,typical,
q8B5E32lnYk,0,99695,63600,11.5099,0,0,true,43,0.5349,typical,
qC5NNRB5c6Q,17,62708,3080000,11.0463,1,2,false,20,0.0500,typical,
qPFu7Ecrks0,0,864422,925000,13.6698,0,1,true,43,0.6512,typical,
qRdFOYaTZC0,121,364228,110000,12.8055,2,0,false,24,0.2083,typical,
qb4kqF4jQFo,402,26008914,143000,17.0739,2,0,true,18,0.6667,typical,
qdaAyCKH940,291,20062750,7680000,16.8144,2,2,false,18,0.6667,typical,
qnGEOXA3Ae4,0,24817,13500,10.1193,0,0,true,43,0.2558,typical,
qpNB3UHjcm8,574,50135390,5010000,17.7302,2,2,true,43,0.6279,typical,
qzVR-qF9GR4,3,141303,1770000,11.8587,0,1,true,43,0.3953,typical,
r-mDwAn6Ng8,38,586717,40600,13.2823,2,0,true,18,0.3889,typical,
r4cg-6qy70Q,17,68285,3080000,11.1315,1,2,false,20,0.1000,typical,
rIRvGxbiH_M,10,12414530,203000,16.3344,1,0,true,28,0.8929,viral,
rSWkWps0oPk,16,1108301,10300000,13.9183,0,2,false,21,0.6190,typical,
rfRiP0xoLr4,489,38638202,8720000,17.4698,2,2,true,43,0.4651,typical,
rj4K6ivQ29E,402,18401262,2650000,16.7279,2,1,true,27,0.6296,typical,
s1qfesLZcfU,13,531011,4670000,13.1825,0,2,false,21,0.2857,typical,
s2VymO6OgX8,299,13828073,3330000,16.4422,2,2,false,18,0.4444,typical,
sKEG4L-IaWg,33,552346,416000,13.2219,1,0,false,12,0.5000,typical,
sLR-1sZqROo,508,39553951,24200000,17.4932,2,2,true,43,0.5116,typical,
sil_8puJamc,4,325418,345000,12.6929,0,0,false,30,0.7000,typical,
t2Onaxk2RHM,83,288762,3080000,12.5734,1,2,false,20,0.3500,typical,
t8HrZTLRCeU,975,38929948,5290000,17.4773,2,2,false,18,0.7778,typical,
tAjHg3kx_Ww,365,15176740,67000,16.5353,2,0,false,24,1.0000,viral,
tEU84LMvHak,20,39053812,738000,17.4805,1,1,true,27,1.0000,viral,
tKvLUiUseLc,22,10998122,32800,16.2132,1,0,true,28,0.8571,viral,
tTINrVQ5MSo,4,3712702,13400000,15.1273,0,2,true,16,0.8750,viral,
tqVV3Ch8vrg,7,119275,520000,11.6892,0,1,false,17,0.4706,typical,
txfYLVflQk8,1203,38430706,2980000,17.4644,2,2,true,43,0.4419,typical,
uDMlwi1iGwg,178,1687098,25000,14.3385,2,0,false,24,0.6667,typical,
uUnucIzDxyQ,66,96836,176000,11.4808,1,0,false,12,0.1667,typical,
uYqWsDhWkkA,556,1702113,674000,14.3474,2,1,false,24,0.2917,typical,
ubzGP5Ml8Vo,504,14509831,1450000,16.4903,2,1,true,27,0.5185,typical,
vAMAxS7u6Jo,50,702352,2090000,13.4622,1,1,false,32,0.5312,typical,
vHxIrEDeTdo,20,2227333,15800000,14.6163,1,2,true,20,0.5500,typical,
vXSqw17QqP0,0,101144,314000,11.5243,0,1,true,43,0.2558,typical,
v_cI2FIJwIQ,320,3867572,216000,15.1681,2,0,true,18,0.5000,typical,
viRrIXenf_Y,55,84,28,4.4427,2,0,true,18,0.1111,typical,
vo45a7qEY2c,4,593004,93500,13.2930,0,0,true,43,0.8372,viral,
voeTqKBpiLg,0,95299,1450000,11.4648,0,1,true,43,0.2326,typical,
vuEggWiX3zM,355,6810070,13100000,15.7339,2,2,true,43,0.0698,typical,
vvGKmHBc_tI,27,1072392,4430000,13.8854,1,2,true,20,0.2500,typical,
vwjXo3RiT7A,228,121,48600,4.8040,2,0,true,18,0.2222,typical,
vzbSxsEofPw,384,31629338,4750000,17.2696,2,2,true,43,0.3721,typical,
w-7eXwZvYv0,15,40722,745000,10.6145,0,1,false,17,0.2353,typical,
w-ruaZVvNhQ,56,2705481,22300000,14.8108,1,2,false,20,0.8000,viral,
w4NvkjUXJEg,1,1419760,1170000,14.1660,0,1,true,43,0.7674,typical,
w6hEkyOqOIQ,552,44577881,4430000,17.6127,2,2,true,43,0.5349,typical,
wB8h_ML41MU,331,1314063,42300,14.0886,2,0,false,24,0.5000,typical,
wTXcSnWJKtI,88,96777,54800,11.4802,2,0,false,24,0.0417,typical,
wb9bAyxtfos,473,33587136,700000,17.3297,2,1,true,27,0.8519,viral,
wl913zByl2E,7,302735,1600000,12.6206,0,1,false,17,0.5882,typical,
xOilCSORlHA,16,620744,400000,13.3387,0,0,false,30,0.9000,viral,
xTR-SYwThlY,0,102273,1630,11.5354,0,0,true,43,0.5581,typical,
xTwBmnTi5cc,0,1268,9960,7.1460,0,0,true,43,0.0233,typical,
x_m-C5n0S9c,718,26181202,147000,17.0806,2,0,true,18,0.7222,typical,
xj3uSsZWmog,359,2271621,589000,14.6360,2,1,false,24,0.4167,typical,
xmD7Ei2VjLY,346,15700548,2090000,16.5692,2,1,false,24,0.9167,viral,
xn7el6bLjtY,5,24267,306000,10.0969,0,0,false,30,0.1667,typical,
xnNnlvB2vRA,0,188613,7300000,12.1475,0,2,true,16,0.1875,typical,
xr8wW-HNHy0,4,796161,158000,13.5876,0,0,true,43,0.8837,viral,
xxxsPnU131A,81,1257204,2090000,14.0444,1,1,false,32,0.6250,typical,
y8Djz2ewkg8,125,2040641,181000,14.5288,2,0,false,24,0.7500,typical,
y9BPA5TXFaA,15,5016986,4390000,15.4283,1,2,true,20,0.7500,typical,
y9S5_EabcoE,790,1010370,745000,13.8258,2,1,false,24,0.1250,typical,
yB-RQhecMAc,870,185439970,22000000,19.0382,2,2,true,43,0.9070,viral,
yL8yYQ4vl5s,768,9220279,2650000,16.0369,2,1,true,27,0.3704,typical,
yM_Kx5kB3ps,310,146394906,8250000,18.8018,2,2,true,43,0.8372,viral,
yPeZ_aJvtiI,6,2078422,4710,14.5471,1,0,true,28,0.5357,typical,
ysz7T_UryV0,0,31420,79100,10.3552,0,0,true,43,0.3953,typical,
z5FBBXR7SvQ,21,96724,853000,11.4796,1,1,false,32,0.0625,typical,
zCtiRJyZHp8,14,49827,2390000,10.8163,0,1,false,17,0.2941,typical,
zJMWoWuHPV4,28,623593,44100,13.3433,1,0,false,12,0.6667,typical,
zYTVLEcBjnQ,52,149092,2390000,11.9123,1,1,false,32,0.1562,typical,
zmhTPxwkjX8,4,136649,1050000,11.8252,0,1,true,43,0.3721,typical,
zsyGZAtghdQ,1,389695,34100,12.8731,0,0,false,30,0.7667,typical,
zxYuHXB0tt8,10,275889,314000,12.5278,1,1,true,27,0.1481,typical,
